temporada,modelo,top_pct,dias,captura_ha_dia,captura_ha_total,captura_celdas,inc100,lift_ha
2025,prod,0.5,138,,7.159226262952836,7.173169062286106,14.18918918918919,14.318452525905672
2025,prod,1.0,138,,11.702965997715632,12.005475701574264,22.972972972972972,11.702965997715632
2025,prod,2.0,138,,21.74761889168163,21.163586584531142,31.756756756756758,10.873809445840815
2025,prod,5.0,138,,43.773172158609995,40.19164955509925,48.648648648648646,8.754634431722
2025,prod,10.0,138,,59.612269141490444,54.98973305954826,66.89189189189189,5.961226914149044
2025,prod,20.0,138,,75.2636708498439,71.2662559890486,79.72972972972973,3.7631835424921953
2025,unico,0.5,138,,13.151095038210759,11.143052703627653,19.594594594594593,26.302190076421518
2025,unico,1.0,138,,18.88702397311154,16.865160848733744,25.675675675675677,18.88702397311154
2025,unico,2.0,138,,28.825839624719567,26.20123203285421,35.810810810810814,14.412919812359783
2025,unico,5.0,138,,45.758183400619764,42.42299794661191,50.0,9.151636680123953
2025,unico,10.0,138,,63.585937894101626,59.45242984257358,67.56756756756756,6.358593789410163
2025,unico,20.0,138,,79.77886646344659,75.12662559890487,83.10810810810811,3.9889433231723297
2025,r10,0.5,138,,12.584026916288275,10.855578370978781,16.216216216216218,25.16805383257655
2025,r10,1.0,138,,18.610852274667284,16.687200547570157,23.64864864864865,18.610852274667284
2025,r10,2.0,138,,26.315018657687336,24.298425735797398,32.432432432432435,13.157509328843668
2025,r10,5.0,138,,47.50503972230452,43.9151266255989,53.37837837837838,9.501007944460904
2025,r10,10.0,138,,62.99398353385393,59.32922655715264,69.5945945945946,6.299398353385393
2025,r10,20.0,138,,78.72936571773494,74.88021902806297,83.78378378378379,3.936468285886747
2025,pareja,0.5,138,,9.304542280761504,7.885010266940451,14.864864864864865,18.60908456152301
2025,pareja,1.0,138,,17.520519201129765,14.811772758384668,21.62162162162162,17.520519201129765
2025,pareja,2.0,138,,32.289696946417784,27.392197125256672,32.432432432432435,16.144848473208892
2025,pareja,5.0,138,,53.89572458931232,46.652977412731005,51.351351351351354,10.779144917862464
2025,pareja,10.0,138,,72.40614844226825,64.33949349760438,72.97297297297297,7.240614844226824
2025,pareja,20.0,138,,84.52384043395217,78.78165639972622,91.89189189189189,4.226192021697608
2025,donde,0.5,138,,5.010193796206096,4.271047227926078,11.486486486486486,10.020387592412192
2025,donde,1.0,138,,11.932346186119664,10.061601642710473,19.594594594594593,11.932346186119664
2025,donde,2.0,138,,27.47931104120959,22.874743326488705,26.35135135135135,13.739655520604796
2025,donde,5.0,138,,50.18056544945329,42.12183436002738,37.83783783783784,10.036113089890659
2025,donde,10.0,138,,63.039786595364546,55.34565366187543,56.08108108108108,6.303978659536455
2025,donde,20.0,138,,78.21802189299007,71.30732375085557,80.4054054054054,3.9109010946495033
2025,cuando,0.5,138,,4.318641862410572,4.407939767282683,6.756756756756757,8.637283724821144
2025,cuando,1.0,138,,9.06879994179106,8.829568788501026,11.486486486486486,9.06879994179106
2025,cuando,2.0,138,,16.075238946971915,15.263518138261464,18.91891891891892,8.037619473485957
2025,cuando,5.0,138,,24.572913308845735,24.257357973990416,37.83783783783784,4.914582661769147
2025,cuando,10.0,138,,49.60337891145506,45.46201232032854,56.75675675675676,4.960337891145506
2025,cuando,20.0,138,,69.88667952936217,65.07871321013005,74.32432432432432,3.4943339764681083
2026,prod,0.5,86,3.6422372193968164,5.525943804162655,5.123191239734063,9.433962264150944,11.05188760832531
2026,prod,1.0,86,5.598542770563876,9.026877852176499,8.447399296050058,11.320754716981131,9.026877852176499
2026,prod,2.0,86,11.777125710685617,11.538212082087798,11.47829487680876,19.81132075471698,5.769106041043899
2026,prod,5.0,86,24.933343757310404,17.542830977890002,18.71333594055534,28.30188679245283,3.5085661955780005
2026,prod,10.0,86,37.6241474691526,24.729575384385214,26.84786859601095,40.56603773584906,2.4729575384385214
2026,prod,20.0,86,49.59837057965125,40.24622789282499,41.39616738365272,55.660377358490564,2.0123113946412494
2026,unico,0.5,86,4.359301938844328,1.4652535839908765,2.1118498240125145,7.547169811320755,2.930507167981753
2026,unico,1.0,86,7.025722289713789,2.949999029505781,3.9499413375048884,12.264150943396226,2.949999029505781
2026,unico,2.0,86,12.50605598963145,5.906389022999867,7.626124364489637,19.81132075471698,2.9531945114999334
2026,unico,5.0,86,22.268942618123994,12.422315718689392,15.50645287446226,37.735849056603776,2.4844631437378784
2026,unico,10.0,86,33.95205704225398,25.133093000732835,28.197105983574502,59.43396226415094,2.5133093000732836
2026,unico,20.0,86,54.87487486491567,51.36511545878392,51.75987485334376,75.47169811320755,2.568255772939196
2026,r10,0.5,86,3.0390678438634984,1.2623195542984447,1.8576456785295268,9.433962264150944,2.5246391085968893
2026,r10,1.0,86,7.453755835908634,3.3627628219876975,4.341024638247947,18.867924528301888,3.3627628219876975
2026,r10,2.0,86,13.06118938329659,7.137385161256316,8.79937426671881,25.471698113207548,3.568692580628158
2026,r10,5.0,86,22.403272587241645,17.912803884025497,19.827923347673053,42.45283018867924,3.5825607768050993
2026,r10,10.0,86,35.98895506393141,37.0143947462129,37.2897927258506,62.264150943396224,3.70143947462129
2026,r10,20.0,86,59.38121494301588,58.83835250960511,57.84122017989832,79.24528301886792,2.9419176254802553
2026,pareja,0.5,86,1.2233970146903788,0.6365982292037677,0.9972624168947986,3.7735849056603774,1.2731964584075355
2026,pareja,1.0,86,3.126764862633897,1.0014430216228158,1.8576456785295268,6.60377358490566,1.0014430216228158
2026,pareja,2.0,86,6.087437701606066,2.1988295613412974,3.5197497066875245,13.20754716981132,1.0994147806706487
2026,pareja,5.0,86,16.2898307247858,9.480732187878086,11.048103245991395,34.905660377358494,1.8961464375756172
2026,pareja,10.0,86,30.593593306487968,23.68347920575557,24.8337895971842,58.490566037735846,2.368347920575557
2026,pareja,20.0,86,53.097037344397556,52.93259396465894,50.821274931560424,79.24528301886792,2.646629698232947
2026,donde,0.5,86,1.1675166743676861,0.19757919986274858,0.5866249511145875,1.8867924528301887,0.39515839972549716
2026,donde,1.0,86,1.9596977822928703,0.4197486832799241,1.2123582323034807,5.660377358490566,0.4197486832799241
2026,donde,2.0,86,3.8801742808431654,1.0891868919243541,2.5224872897927257,9.433962264150944,0.5445934459621771
2026,donde,5.0,86,9.174116310749756,2.551661415208504,5.240516229956981,22.641509433962263,0.5103322830417009
2026,donde,10.0,86,21.411973996934034,11.265783908152674,14.822057098161908,39.62264150943396,1.1265783908152673
2026,donde,20.0,86,40.09724465592194,33.55248692864963,36.253421978881505,75.47169811320755,1.6776243464324814
2026,cuando,0.5,86,2.87780492149698,0.8201793312044063,1.0559249120062573,1.8867924528301887,1.6403586624088127
2026,cuando,1.0,86,6.127222606371122,3.176611932996292,3.637074696910442,7.547169811320755,3.176611932996292
2026,cuando,2.0,86,9.541949059253442,6.1416744997782065,7.000391083300743,11.320754716981131,3.0708372498891032
2026,cuando,5.0,86,17.547976908630435,11.98742441843486,13.453265545561205,21.69811320754717,2.397484883686972
2026,cuando,10.0,86,22.818383800015166,22.50829145696916,22.780602268283143,31.132075471698112,2.2508291456969163
2026,cuando,20.0,86,40.68577864276312,45.4638644431429,42.197888150175984,47.16981132075472,2.273193222157145
