fecha,pct_extremo,posicion,celdas_effis_D,celdas_effis_D1,n_miteco,abs_D1_extremo,abs_D1_alto_o_mas,abs_miteco_extremo_10km,abs_miteco_alto_o_mas_10km,pct_D1_extremo,pct_D1_alto_o_mas,pct_miteco_extremo_10km,pct_miteco_alto_o_mas_10km,abs_D_extremo,abs_D_alto_o_mas,pct_D_extremo,pct_D_alto_o_mas
2026-09-10,0.27,8.0,0,1,2,0.0,0.0,50.0,50.0,0.0,0.0,50.0,100.0,,,,
2026-09-11,0.46,19.0,1,2,1,0.0,50.0,0.0,100.0,0.0,100.0,0.0,100.0,0.0,0.0,0.0,0.0
2026-09-13,0.41,15.0,14,16,1,56.2,75.0,0.0,100.0,56.2,75.0,100.0,100.0,0.0,57.1,0.0,85.7
2026-09-14,1.0,39.0,16,58,1,12.1,25.9,100.0,100.0,17.2,32.8,100.0,100.0,56.2,75.0,56.2,75.0
2026-09-15,1.36,48.0,58,18,6,0.0,0.0,33.3,66.7,0.0,11.1,50.0,83.3,6.9,27.6,13.8,36.2
2026-09-16,1.73,54.0,18,8,0,0.0,37.5,,,0.0,50.0,,,0.0,27.8,0.0,33.3
2026-09-17,2.99,76.0,8,5,2,20.0,40.0,50.0,50.0,0.0,40.0,0.0,50.0,25.0,62.5,25.0,75.0
2026-09-18,2.89,75.0,5,22,0,18.2,18.2,,,0.0,18.2,,,40.0,40.0,0.0,40.0
2026-09-19,3.26,78.0,22,1,3,0.0,0.0,33.3,100.0,0.0,0.0,33.3,100.0,18.2,22.7,0.0,27.3
2026-09-20,3.61,80.0,1,24,3,54.2,70.8,66.7,66.7,12.5,75.0,66.7,66.7,0.0,0.0,0.0,0.0
2026-09-21,2.67,72.0,24,13,6,7.7,69.2,66.7,100.0,0.0,69.2,66.7,100.0,37.5,66.7,16.7,70.8
2026-09-22,4.14,86.0,13,6,3,0.0,0.0,100.0,100.0,0.0,0.0,100.0,100.0,23.1,76.9,0.0,76.9
2026-09-23,4.45,89.0,6,15,1,86.7,100.0,100.0,100.0,66.7,100.0,100.0,100.0,0.0,0.0,0.0,0.0
2026-09-24,5.31,95.0,15,5,2,80.0,80.0,100.0,100.0,80.0,80.0,100.0,100.0,100.0,100.0,80.0,100.0
2026-09-25,4.89,92.0,5,1,1,0.0,0.0,100.0,100.0,0.0,0.0,100.0,100.0,80.0,80.0,80.0,80.0
2026-09-26,4.2,86.0,1,13,2,0.0,0.0,0.0,50.0,0.0,0.0,0.0,50.0,0.0,0.0,0.0,0.0
2026-09-27,3.78,82.0,13,6,0,100.0,100.0,,,100.0,100.0,,,0.0,0.0,0.0,0.0
2026-09-28,2.59,70.0,6,0,3,,,66.7,66.7,,,66.7,66.7,100.0,100.0,100.0,100.0
2026-09-29,0.94,38.0,0,0,0,,,,,,,,,,,,
