fecha,anio,mes,pct_ext_servicio,pct_ext_cortes2025,pct_ext_cubo,celdas,ha,grande,calendario
2025-05-31,2025,5,1.8227589111989249,1.4502637754999699,1.814334142378593,0,0.0,0,0.12258064516129032
2025-06-01,2025,6,0.44109682466451366,0.252141295408501,0.4374862094558001,13,311.0,1,0.132258064516129
2025-06-02,2025,6,0.45273102922592423,0.2762120634665918,0.44871923454957574,0,0.0,0,0.132258064516129
2025-06-03,2025,6,0.263976089703729,0.1416163520751008,0.26116783343028505,0,0.0,0,0.1387096774193548
2025-06-04,2025,6,0.16428299199646962,0.07361643231099432,0.16167532545684313,1,18.0,0,0.14193548387096772
2025-06-05,2025,6,0.20680801556576334,0.11493791747738351,0.20580506689667624,10,27.0,1,0.15161290322580642
2025-06-06,2025,6,0.2631737307684593,0.15184642849978938,0.26056606422883277,0,0.0,0,0.15483870967741933
2025-06-07,2025,6,0.18012958096804604,0.0854512266062223,0.17772250416223698,2,21.0,0,0.15806451612903225
2025-06-08,2025,6,0.37590516117385114,0.20099091328505808,0.37089041782841553,0,0.0,0,0.15806451612903225
2025-06-09,2025,6,0.5584418189477063,0.36246564900808376,0.5558341524080798,3,40.0,0,0.16129032258064516
2025-06-10,2025,6,0.734158425771769,0.433675004513269,0.730347220829238,34,1451.0,1,0.16774193548387095
2025-06-11,2025,6,0.19717970834252702,0.11654263534792289,0.1951738110043528,6,32.0,1,0.16774193548387095
2025-06-12,2025,6,0.19376968286763083,0.10611196918941689,0.19116201632800434,4,29.0,0,0.16774193548387095
2025-06-13,2025,6,0.11594086614647062,0.05215333079253004,0.11473732774356608,0,0.0,0,0.16774193548387098
2025-06-14,2025,6,0.14221812127655306,0.06900286843319359,0.14141576234128336,7,40.0,1,0.17096774193548386
2025-06-15,2025,6,0.040519126231119494,0.018253665777385512,0.03991735702966722,2,3.0,0,0.1709677419354838
2025-06-16,2025,6,0.4282590817001986,0.28945098589854173,0.42605259462820694,15,279.0,1,0.16774193548387092
2025-06-17,2025,6,0.7285419132248812,0.5427958197099473,0.7253324774838024,58,2358.0,1,0.17419354838709675
2025-06-18,2025,6,0.9243174934306863,0.6416865584819369,0.9176980322147112,6,27.0,1,0.18064516129032251
2025-06-19,2025,6,0.3654744950153451,0.18012958096804604,0.3604597516699095,5,57.0,1,0.1870967741935483
2025-06-20,2025,6,0.9201051090205203,0.6460995326259202,0.9126832888692756,6,74.0,1,0.19032258064516122
2025-06-21,2025,6,0.3532385212524823,0.2238581429402443,0.35002908551140355,37,847.0,1,0.19999999999999996
2025-06-22,2025,6,0.5127073596373337,0.36386977714480573,0.5100996930977073,10,202.0,1,0.20967741935483866
2025-06-23,2025,6,0.9213086474234249,0.6119992778769583,0.9146891862074499,19,616.0,1,0.21290322580645157
2025-06-24,2025,6,0.5417928710408602,0.32796421479148696,0.5365775379616071,4,53.0,0,0.2064516129032258
2025-06-25,2025,6,0.3399995988205324,0.23268409122821093,0.33819429121617556,8,56.0,1,0.22580645161290322
2025-06-26,2025,6,0.12837742964315085,0.05977574067759212,0.12637153230497664,20,546.0,1,0.22903225806451613
2025-06-27,2025,6,0.2565542695524843,0.1476340440896235,0.2545483722143101,2,8.0,0,0.23225806451612901
2025-06-28,2025,6,0.5429964094437647,0.3799169558501996,0.5401881531703208,10,135.0,1,0.24516129032258063
2025-06-29,2025,6,1.0454736926564099,0.8025595250035104,1.0404589493109742,7,103.0,1,0.25161290322580643
2025-06-30,2025,6,0.8573205223356669,0.6352676869997793,0.8525063687240487,13,182.0,1,0.26129032258064516
2025-07-01,2025,7,0.7465949892684492,0.48963954024833006,0.7399755280524742,103,5517.0,1,0.27419354838709675
2025-07-02,2025,7,0.4759994383487453,0.2832327041502016,0.47098469500330975,4,35.0,0,0.27419354838709675
2025-07-03,2025,7,0.4870318737087036,0.2922592421719856,0.48322066876617253,36,708.0,1,0.2806451612903225
2025-07-04,2025,7,0.45513810603173327,0.279622088941488,0.4515274908230197,28,482.0,1,0.30322580645161284
2025-07-05,2025,7,0.4288608509016509,0.29085511403526365,0.42545082542675466,4,12.0,0,0.30322580645161284
2025-07-06,2025,7,0.5650612801636812,0.36386977714480573,0.5612500752211502,1,1.0,0,0.3064516129032258
2025-07-07,2025,7,1.0242111808717629,0.7309489900306902,1.016588770986701,60,2734.0,1,0.3258064516129032
2025-07-08,2025,7,1.7401159408661464,1.3220869355906364,1.7310894028443624,16,230.0,1,0.33225806451612905
2025-07-09,2025,7,1.694782661023409,1.3521753956632498,1.6861573024692595,3,15.0,0,0.3548387096774194
2025-07-10,2025,7,1.1174854070968647,0.8892142900126372,1.1144765610896035,8,19.0,1,0.3645161290322581
2025-07-11,2025,7,0.27942149920767057,0.1570617615790424,0.2774156018694963,4,77.0,0,0.3741935483870968
2025-07-12,2025,7,0.2842356528192887,0.14863699275871062,0.2818285760134796,8,143.0,1,0.3870967741935484
2025-07-13,2025,7,0.3965659037570457,0.22004693799771327,0.39094939121015787,3,46.0,0,0.39354838709677414
2025-07-14,2025,7,1.0928128698373216,0.8049666018093194,1.0859928188875294,19,29.0,1,0.396774193548387
2025-07-15,2025,7,1.3461577036487273,0.9790784907628428,1.3381341142960304,7,48.0,1,0.4032258064516128
2025-07-16,2025,7,1.7320923515134496,1.3461577036487273,1.7240687621607527,38,760.0,1,0.40967741935483865
2025-07-17,2025,7,1.1716446352275691,0.8430786512346298,1.1644234048101418,82,4241.0,1,0.4193548387096773
2025-07-18,2025,7,1.5439391811927066,1.1475738671694782,1.5371191302429141,65,2286.0,1,0.4225806451612902
2025-07-19,2025,7,0.7149018113252964,0.462559926182978,0.7084829398431388,73,2901.0,1,0.4322580645161289
2025-07-20,2025,7,0.5177221029827693,0.37510280223858145,0.5131085391049686,3,2.0,0,0.4419354838709676
2025-07-21,2025,7,0.3496279060437687,0.19537440073817022,0.34501434216596794,4,30.0,0,0.4548387096774192
2025-07-22,2025,7,0.44811746534812347,0.28724449882655007,0.4447074398732273,9,62.0,1,0.46774193548387083
2025-07-23,2025,7,0.7189136060016449,0.5080937957595331,0.7149018113252964,9,311.0,1,0.47096774193548374
2025-07-24,2025,7,1.216175556135037,0.9130844683369105,1.210960223055784,30,984.0,1,0.47096774193548374
2025-07-25,2025,7,1.690169097145608,1.160211020399976,1.6807413796561892,14,120.0,1,0.48709677419354824
2025-07-26,2025,7,0.9578159789781959,0.6950434276773715,0.9519988766974906,11,159.0,1,0.4870967741935483
2025-07-27,2025,7,1.7425230176719555,1.3529777545985195,1.731891761779632,3,27.0,0,0.4838709677419354
2025-07-28,2025,7,2.2225342506970494,1.8159388602491324,2.210498866668004,12,86.0,1,0.4870967741935483
2025-07-29,2025,7,2.4861091609331436,2.1529296130624034,2.4804926483862557,105,5110.0,1,0.4806451612903225
2025-07-30,2025,7,2.6860971255491144,2.305377810763645,2.6772711772611477,19,384.0,1,0.47741935483870956
2025-07-31,2025,7,2.8596072453011856,2.484905622530239,2.8505807072794016,5,58.0,1,0.4741935483870967
2025-08-01,2025,8,4.026237137183319,3.533187571460093,4.01600706075863,10,96.0,1,0.4709677419354838
2025-08-02,2025,8,3.7305678695364373,3.2742262251017995,3.719936613644114,55,1232.0,1,0.4709677419354838
2025-08-03,2025,8,4.056325597255932,3.5297775459851963,4.046095520831244,33,218.0,1,0.4709677419354838
2025-08-04,2025,8,5.187049926784747,4.600926724570236,5.17280805568371,27,879.0,1,0.4516129032258064
2025-08-05,2025,8,5.225964335145327,4.683369105169198,5.214931899785369,38,818.0,1,0.4548387096774193
2025-08-06,2025,8,4.4382484504443065,3.9219304755982587,4.426012476681444,33,524.0,1,0.45483870967741924
2025-08-07,2025,8,4.910035504382885,4.372655607486009,4.899003069022927,10,120.0,1,0.4419354838709677
2025-08-08,2025,8,4.39431929873829,3.9263434497422423,4.387699837522316,406,26619.0,1,0.4516129032258064
2025-08-09,2025,8,3.995346318175436,3.5412111608127894,3.9867209596212865,530,35847.0,1,0.43870967741935474
2025-08-10,2025,8,5.296973100916695,4.808336509337452,5.286542434758189,764,55018.0,1,0.43870967741935474
2025-08-11,2025,8,5.829538844201954,5.361161815738271,5.821916434316892,76,2658.0,1,0.4387096774193547
2025-08-12,2025,8,6.397007201171444,5.89212284115299,6.387579483682025,422,23694.0,1,0.43870967741935474
2025-08-13,2025,8,4.840230277014422,4.3271217379094535,4.831003149258821,878,57527.0,1,0.4419354838709676
2025-08-14,2025,8,5.324453894449682,4.885964736324795,5.315627946161715,955,67317.0,1,0.45161290322580633
2025-08-15,2025,8,7.174292419713959,6.696287084027039,7.165867650893627,694,43097.0,1,0.4483870967741934
2025-08-16,2025,8,6.3237919483280844,5.868252662828716,6.312558923234309,166,8169.0,1,0.43870967741935474
2025-08-17,2025,8,6.166329007281408,5.684311876918139,6.1565001103243535,86,1734.0,1,0.43225806451612897
2025-08-18,2025,8,4.698413335205504,4.153411028423565,4.686979720377911,31,315.0,1,0.4322580645161289
2025-08-19,2025,8,4.469941628387459,3.9927386516358094,4.461115680099493,14,418.0,1,0.4161290322580644
2025-08-20,2025,8,4.136561490782902,3.6338836178364393,4.124526106753857,27,348.0,1,0.4032258064516128
2025-08-21,2025,8,4.288608509016509,3.8507211200930738,4.280785509397629,119,7078.0,1,0.3999999999999999
2025-08-22,2025,8,5.027380498666078,4.568631777425631,5.017752191442842,31,395.0,1,0.3935483870967741
2025-08-23,2025,8,5.680500671975608,5.249633923735783,5.675285338896355,26,495.0,1,0.3935483870967741
2025-08-24,2025,8,5.485928630172708,5.112631135538483,5.479108579222915,32,1594.0,1,0.4064516129032257
2025-08-25,2025,8,5.887709867009007,5.451427195956111,5.8800874571239445,53,1760.0,1,0.39677419354838706
2025-08-26,2025,8,5.379816660983291,4.842236174352597,5.368383046155698,9,69.0,1,0.39032258064516123
2025-08-27,2025,8,5.170601568611718,4.602330852706959,5.156760876978316,14,525.0,1,0.3870967741935483
2025-08-28,2025,8,5.549314986059014,4.774035664854673,5.537279602029968,5,90.0,1,0.38064516129032255
2025-08-29,2025,8,3.8118067117324936,3.114757386716948,3.795960122760917,32,1131.0,1,0.38064516129032255
2025-08-30,2025,8,4.3180951998876695,3.7492227147814576,4.308868072132069,4,78.0,0,0.38387096774193546
2025-08-31,2025,8,3.1639018715022167,2.5573185164383285,3.1498605901349968,0,0.0,0,0.3806451612903226
2025-09-01,2025,9,2.802840350630855,2.334663911900989,2.793613222875253,3,28.0,0,0.36774193548387096
2025-09-02,2025,9,3.054781056305538,2.6463803582532646,3.0477604156219287,0,0.0,0,0.3645161290322581
2025-09-03,2025,9,2.0277616191603314,1.6829478667281808,2.020339799009087,6,182.0,1,0.3516129032258065
2025-09-04,2025,9,2.651796281066335,2.262050428259082,2.642368563576916,14,125.0,1,0.3483870967741936
2025-09-05,2025,9,2.68489358714621,2.245000300884601,2.6736605620524343,5,44.0,1,0.34516129032258075
2025-09-06,2025,9,4.6705313622048825,3.9835115238802077,4.653681824564218,52,1509.0,1,0.33225806451612916
2025-09-07,2025,9,1.0532966922752893,0.7419814253906485,1.047880769462219,0,0.0,0,0.32903225806451625
2025-09-08,2025,9,1.361603113152669,1.0875975367580688,1.355986600605781,6,22.0,1,0.3096774193548388
2025-09-09,2025,9,1.9523398792449802,1.5250837462138689,1.9445168796261008,0,0.0,0,0.303225806451613
2025-09-10,2025,9,0.4296632098369205,0.2679878843800774,0.42625318436202436,7,49.0,1,0.2935483870967743
2025-09-11,2025,9,0.628447636049987,0.4396926965277917,0.6224299440354643,2,38.0,0,0.2774193548387097
2025-09-12,2025,9,0.9658395683308928,0.7325537079012296,0.9632319017912663,15,305.0,1,0.2645161290322581
2025-09-13,2025,9,1.3260987302669849,1.048883718131306,1.3190780895833751,22,473.0,1,0.2483870967741935
2025-09-14,2025,9,1.2821695785609692,1.0139811044470743,1.276352476280264,27,303.0,1,0.232258064516129
2025-09-15,2025,9,0.9269251599703128,0.7311495797645077,0.9233145447615991,8,36.0,1,0.22903225806451608
2025-09-16,2025,9,1.2615088359777746,0.9642348504603534,1.2534852466250777,7,40.0,1,0.23225806451612896
2025-09-17,2025,9,2.6221090004613563,2.1595490742783783,2.61248069323812,11,136.0,1,0.22903225806451608
2025-09-18,2025,9,3.936172346699296,3.478225984394119,3.9265440394760596,37,2028.0,1,0.21612903225806446
2025-09-19,2025,9,4.354803121176258,3.9108980402383007,4.345977172888292,11,243.0,1,0.22258064516129025
2025-09-20,2025,9,2.049425310412613,1.6269833309931199,2.044611156800995,34,608.0,1,0.21935483870967737
2025-09-21,2025,9,1.5421338735883499,1.255089964495617,1.5361161815738271,72,3343.0,1,0.20322580645161287
2025-09-22,2025,9,2.069283694060538,1.784847451507432,2.064670130182737,15,100.0,1,0.1967741935483871
2025-09-23,2025,9,3.142238180249935,2.7274186107155036,3.131005155156159,10,95.0,1,0.18387096774193548
2025-09-24,2025,9,3.5745090566264817,3.1197721300623833,3.5632760315327063,7,35.0,1,0.16129032258064516
2025-09-25,2025,9,4.062343289270455,3.5745090566264817,4.052714982047219,4,26.0,0,0.15806451612903225
2025-09-26,2025,9,4.908029607044711,4.411971195314224,4.899003069022927,8,47.0,1,0.15483870967741933
2025-09-27,2025,9,3.648526668405111,3.036126211060518,3.6350871562393436,0,0.0,0,0.1548387096774193
2025-09-28,2025,9,1.1957154032856598,0.9048602892503962,1.1878924036667804,1,1.0,0,0.15806451612903222
2025-09-29,2025,9,1.6003048963954025,1.2314203759051612,1.5930836659779752,4,32.0,0,0.15161290322580642
2025-09-30,2025,9,2.447997111507833,1.912823701682948,2.4357611377449704,0,0.0,0,0.14516129032258063
2025-10-01,2025,10,4.344773634485387,3.7937536356889257,4.333340019657794,1,0.0,0,0.14193548387096772
2025-10-02,2025,10,4.600124365634967,4.074980442500952,4.5884901610735565,10,23.0,1,0.15161290322580642
2025-10-03,2025,10,4.175475899143482,3.6998776402623714,4.167452309790785,6,53.0,1,0.14516129032258063
2025-10-04,2025,10,1.2424528112651194,0.9182998014161635,1.2354321705815097,6,31.0,1,0.15483870967741933
2025-10-05,2025,10,2.4155015746294106,1.8777204982648987,2.4048703187370872,6,119.0,1,0.15483870967741933
2025-10-06,2025,10,4.631817543578119,4.110685415120454,4.623192185023971,18,195.0,1,0.15161290322580645
2025-10-07,2025,10,4.428820732954887,3.963251960764648,4.419794194933103,0,0.0,0,0.15483870967741936
2025-10-08,2025,10,2.8401500411208955,2.324233245742483,2.827713477624215,2,6.0,0,0.15161290322580645
2025-10-09,2025,10,2.6590175114837624,2.183619842336469,2.648988024792891,22,503.0,1,0.15483870967741936
2025-10-10,2025,10,3.453352857400758,2.9576956251379056,3.444326319378974,5,31.0,1,0.15161290322580648
2025-10-11,2025,10,3.8753936573526166,3.374922271478146,3.867971837201372,7,58.0,1,0.15161290322580645
2025-10-12,2025,10,4.8578821735903555,4.403747016227709,4.848655045834755,9,95.0,1,0.15806451612903225
2025-10-13,2025,10,3.7355826128818728,3.2814474555192263,3.7271578440615407,4,67.0,0,0.16129032258064516
2025-10-14,2025,10,3.5438188273524163,3.10833851523479,3.5369987764026236,4,13.0,0,0.16451612903225807
2025-10-15,2025,10,4.113493671393898,3.6633703087076004,4.1048683128397485,4,22.0,0,0.16451612903225807
2025-10-16,2025,10,4.145788618538504,3.7405973562273083,4.1379656189196234,8,26.0,1,0.1612903225806451
2025-10-17,2025,10,5.116843519948649,4.700820412011313,5.107014622991596,2,5.0,0,0.1580645161290322
2025-10-18,2025,10,6.0233085270695845,5.577397548793453,6.012677271177261,23,287.0,1,0.15806451612903222
2025-10-19,2025,10,1.9473251358995447,1.6538623553246545,1.9397027260144826,4,51.0,0,0.15806451612903222
2025-10-20,2025,10,1.4518684933705093,1.2552905542294346,1.4468537500250738,9,264.0,1,0.15161290322580642
2025-10-21,2025,10,1.0003410025474897,0.8551140352636752,0.996730387338776,0,0.0,0,0.14838709677419354
2025-10-22,2025,10,1.4179688283553649,1.2970132188634587,1.4149599823481034,5,36.0,1,0.14516129032258066
2025-10-23,2025,10,1.2099572743866969,1.0350430264979038,1.2047419413074438,4,38.0,0,0.13548387096774192
2025-10-24,2025,10,1.8713016267827414,1.667903636691874,1.8686939602431147,7,50.0,1,0.13225806451612904
2025-10-25,2025,10,0.8527069584578661,0.6884239664613965,0.8498987021844222,1,3.0,0,0.13548387096774195
2025-10-26,2025,10,0.44410567067177503,0.31532706156098933,0.4412974143983311,0,0.0,0,0.12903225806451613
2025-10-27,2025,10,1.752753094096644,1.4017210599161536,1.7457324534130343,2,6.0,0,0.1193548387096774
2025-10-28,2025,10,2.274486991755762,2.0542394640242314,2.270074017611779,5,12.0,1,0.11935483870967739
2025-10-29,2025,10,0.31853649730206807,0.22486109160933143,0.3165305999638938,3,11.0,0,0.1161290322580645
2025-10-30,2025,10,1.433213648125489,1.238039837121136,1.4300042123844101,3,7.0,0,0.1129032258064516
2025-10-31,2025,10,0.49044189918359976,0.38553346839708746,0.4878342326439733,0,0.0,0,0.10967741935483868
2025-11-01,2025,11,0.2427135779190821,0.16608829960082644,0.2411088600485427,0,0.0,0,0.10322580645161289
2026-05-31,2026,5,2.257035684913646,1.7736144264136562,2.2472067879565922,15,337.0,1,0.12258064516129032
2026-06-01,2026,6,0.7181112470663752,0.42204079995185845,0.7104888371813131,17,635.0,1,0.132258064516129
2026-06-02,2026,6,0.7333560668364993,0.48562774557198163,0.7269371953543418,5,73.0,1,0.132258064516129
2026-06-03,2026,6,0.5058873086875414,0.3171323691653461,0.5020761037450103,23,465.0,1,0.1387096774193548
2026-06-04,2026,6,0.4378873889234349,0.2818285760134796,0.43387559424708644,5,45.0,1,0.14193548387096772
2026-06-05,2026,6,0.4553386957655507,0.293863960042525,0.4515274908230197,29,1049.0,1,0.15161290322580642
2026-06-06,2026,6,0.14121517260746594,0.07281407337572463,0.13920927526929172,7,26.0,1,0.15483870967741933
2026-06-07,2026,6,0.4533327984273765,0.3073034722082924,0.45072513188775,3,47.0,0,0.15806451612903225
2026-06-08,2026,6,0.24913244940123966,0.1476340440896235,0.24672537259543056,82,4599.0,1,0.15806451612903225
2026-06-09,2026,6,0.5973562273082864,0.36828275128878907,0.591940304495216,10,229.0,1,0.16129032258064516
2026-06-10,2026,6,0.9215092371572423,0.591940304495216,0.9134856478045453,12,111.0,1,0.16774193548387095
2026-06-11,2026,6,1.1030429462620104,0.7656510139811045,1.0970252542474876,15,81.0,1,0.16774193548387095
2026-06-12,2026,6,2.259442761719455,1.6683048161595089,2.246203839287505,18,376.0,1,0.16774193548387095
2026-06-13,2026,6,2.179808637393938,1.5756323591358594,2.165967945760536,31,688.0,1,0.16774193548387098
2026-06-14,2026,6,0.8496981124506048,0.5793031512647183,0.8418751128317252,25,436.0,1,0.17096774193548386
2026-06-15,2026,6,0.6444948147553808,0.3885423144043488,0.6390788919423104,7,84.0,1,0.1709677419354838
2026-06-16,2026,6,0.5333681022205283,0.3420054961587066,0.527952179407458,5,17.0,1,0.16774193548387092
2026-06-17,2026,6,0.5766954847250918,0.36407036687862315,0.5714801516458388,9,79.0,1,0.17419354838709675
2026-06-18,2026,6,0.6521172246404429,0.41140954405953506,0.6475036607626422,9,38.0,1,0.18064516129032251
2026-06-19,2026,6,0.7203177341383667,0.4876336429101559,0.7155035805267487,6,20.0,1,0.1870967741935483
2026-06-20,2026,6,0.7816981926864983,0.5427958197099473,0.7774858082763324,13,280.0,1,0.19032258064516122
2026-06-21,2026,6,1.2500752211501815,0.8811907006599402,1.2432551702003891,26,247.0,1,0.19999999999999996
2026-06-22,2026,6,1.4326118789240367,1.0210017451306843,1.4243876998375222,10,66.0,1,0.20967741935483866
2026-06-23,2026,6,1.8307825005516218,1.3030309108779812,1.8183459370549415,13,162.0,1,0.21290322580645157
2026-06-24,2026,6,1.6362104587487212,1.2284115298979,1.6289892283312941,27,258.0,1,0.2064516129032258
2026-06-25,2026,6,0.6483060196979119,0.4822177200970854,0.6446954044891983,134,6077.0,1,0.22580645161290322
2026-06-26,2026,6,0.3811204942531041,0.2599642950273805,0.3791145969149299,22,617.0,1,0.22903225806451613
2026-06-27,2026,6,0.26558080757426833,0.1735101197520711,0.2633743205022767,1,5.0,0,0.23225806451612901
2026-06-28,2026,6,0.1199526608228191,0.0647904840230277,0.11874912241991455,8,223.0,1,0.24516129032258063
2026-06-29,2026,6,0.3315748300002006,0.2589613463582934,0.3299701121296612,11,397.0,1,0.25161290322580643
2026-06-30,2026,6,0.7295448618939683,0.5528253064008184,0.7259342466852546,61,2962.0,1,0.26129032258064516
2026-07-01,2026,7,1.3696267025053657,0.9540047740356649,1.359797805548312,26,465.0,1,0.27419354838709675
2026-07-02,2026,7,2.4867109301345955,1.8584638838184262,2.4734720077026457,25,302.0,1,0.27419354838709675
2026-07-03,2026,7,2.0995727438669687,1.532304976631296,2.085531462499749,58,2208.0,1,0.2806451612903225
2026-07-04,2026,7,1.8101217579684272,1.3070427055543297,1.7980863739393818,46,798.0,1,0.30322580645161284
2026-07-05,2026,7,2.203478225984394,1.6165526648346138,2.1894369446171744,31,426.0,1,0.30322580645161284
2026-07-06,2026,7,2.5408701582653,1.80911880929934,2.5220147232864623,62,1662.0,1,0.3064516129032258
2026-07-07,2026,7,1.8827352416103345,1.3499689085912583,1.8713016267827414,41,863.0,1,0.3258064516129032
2026-07-08,2026,7,2.4169057027661323,1.7629831705213328,2.400056165125469,78,1724.0,1,0.33225806451612905
2026-07-09,2026,7,2.7486811225001504,2.0163280043327383,2.736645738471105,111,5623.0,1,0.3548387096774194
2026-07-10,2026,7,1.0942169979740437,0.7369666820452129,1.0873969470242513,36,659.0,1,0.3645161290322581
2026-07-11,2026,7,2.426734599723186,1.9463221872304575,2.4173068822337673,22,263.0,1,0.3741935483870968
2026-07-12,2026,7,1.7850480412412493,1.3959039576354482,1.776823862154735,38,548.0,1,0.3870967741935484
2026-07-13,2026,7,0.8591258299400236,0.6208252261649249,0.854512266062223,20,308.0,1,0.39354838709677414
2026-07-14,2026,7,0.9367540569273665,0.6565301987844262,0.9307363649128437,6,32.0,1,0.396774193548387
2026-07-15,2026,7,0.8480933945800654,0.5522235371993661,0.8420757025655426,229,15907.0,1,0.4032258064516128
2026-07-16,2026,7,0.25876075662447595,0.13078450644895995,0.2557519106172146,483,34469.0,1,0.40967741935483865
2026-07-17,2026,7,0.30890819007883175,0.16388181252883477,0.30670170300684013,7,82.0,1,0.4193548387096773
2026-07-18,2026,7,0.28463683228692355,0.15846588971576434,0.2818285760134796,14,159.0,1,0.4225806451612902
2026-07-19,2026,7,0.4084006980522737,0.2667843459771729,0.40398772390829035,0,0.0,0,0.4322580645161289
2026-07-20,2026,7,0.5570376908109843,0.3785128277134776,0.5528253064008184,64,3511.0,1,0.4419354838709676
2026-07-21,2026,7,0.9185003911499809,0.6336629691292399,0.9102762120634665,155,7417.0,1,0.4548387096774192
2026-07-22,2026,7,0.8815918801275751,0.6111969189416886,0.8773794957174091,670,45905.0,1,0.46774193548387083
2026-07-23,2026,7,1.3449541652458228,0.9784767215613905,1.3363288066916734,333,21348.0,1,0.47096774193548374
2026-07-24,2026,7,1.2691312458628368,0.8192084729103565,1.2558923234308867,62,1999.0,1,0.47096774193548374
2026-07-25,2026,7,0.730347220829238,0.49184602732032173,0.7253324774838024,154,9417.0,1,0.48709677419354824
2026-07-26,2026,7,0.6246364311074559,0.4318696969089122,0.6188193288267506,2,7.0,0,0.4870967741935483
2026-07-27,2026,7,1.1018394078591058,0.796742422722805,1.0956211261107656,18,340.0,1,0.4838709677419354
2026-07-28,2026,7,2.3918319860389543,1.8686939602431147,2.3810001404128136,12,260.0,1,0.4870967741935483
2026-07-29,2026,7,2.1396906906304536,1.7158445830742381,2.1296612039395826,225,13067.0,1,0.4806451612903225
2026-07-30,2026,7,2.216315968948709,1.7326941207149018,2.2060858925240208,43,1333.0,1,0.47741935483870956
2026-07-31,2026,7,1.6747236876416665,1.31947926905101,1.6642930214831604,35,615.0,1,0.4741935483870967
2026-08-01,2026,8,3.214851663891842,2.7167873548231802,3.2056245361362405,49,1358.0,1,0.4709677419354838
2026-08-02,2026,8,3.682225743686438,3.1753354863298098,3.669789180189758,12,98.0,1,0.4709677419354838
2026-08-03,2026,8,3.2060257156038756,2.7444687380899846,3.196798587848274,3,27.0,0,0.4709677419354838
2026-08-04,2026,8,2.37036888452049,1.955549314986059,2.360740577297254,23,449.0,1,0.4516129032258064
2026-08-05,2026,8,2.4654484183499488,2.086534411168836,2.4562212905943475,18,251.0,1,0.4548387096774193
2026-08-06,2026,8,2.8228993240125972,2.4187110103704894,2.813471606523178,0,0.0,0,0.45483870967741924
2026-08-07,2026,8,3.5899544661304232,3.1330110524943335,3.5805267486410046,574,44672.0,1,0.4419354838709677
2026-08-08,2026,8,2.18201512446593,1.8004934507451908,2.175395663249955,48,1553.0,1,0.4516129032258064
2026-08-09,2026,8,1.601508434798307,1.3014261930074418,1.596293101719054,16,223.0,1,0.43870967741935474
2026-08-10,2026,8,2.4672537259543055,2.066876617254729,2.4586283674001566,263,18619.0,1,0.43870967741935474
2026-08-11,2026,8,2.6397608970372897,2.2297554811144766,2.628728461677331,14,83.0,1,0.4387096774193547
2026-08-12,2026,8,2.9837722905341706,2.576374541150984,2.9767516498505606,24,281.0,1,0.43870967741935474
2026-08-13,2026,8,2.9615068300804364,2.5390648506609432,2.9538844201953744,5,95.0,1,0.4419354838709676
2026-08-14,2026,8,2.5775780795538883,2.217720097085431,2.572964515676088,21,545.0,1,0.45161290322580633
2026-08-15,2026,8,2.233566686057008,1.9691894168856439,2.2271478145748502,33,616.0,1,0.4483870967741934
2026-08-16,2026,8,2.585401079172768,2.2682687100074217,2.5779792590215234,9,47.0,1,0.43870967741935474
2026-08-17,2026,8,3.230898842597236,2.8104627605159167,3.2212705353739994,11,91.0,1,0.43225806451612897
2026-08-18,2026,8,3.992136882434357,3.542414699215694,3.983110344412573,90,4566.0,1,0.4322580645161289
2026-08-19,2026,8,3.3424267345997234,2.8285158365594847,3.3305919403044952,9,296.0,1,0.4161290322580644
2026-08-20,2026,8,1.6809419693900067,1.454074980442501,1.6747236876416665,0,0.0,0,0.4032258064516128
2026-08-21,2026,8,2.18903576514954,1.965979981144565,2.182616893667382,15,633.0,1,0.3999999999999999
2026-08-22,2026,8,2.622911359396626,2.3364692195053456,2.6168936673821035,4,35.0,0,0.3935483870967741
2026-08-23,2026,8,2.343690449922773,1.998676107756805,2.336068040037711,2,18.0,0,0.3935483870967741
2026-08-24,2026,8,0.374902212504764,0.25414719274667524,0.3724951356989549,12,323.0,1,0.4064516129032257
2026-08-25,2026,8,0.5638577417607766,0.4453092090746796,0.560648306019698,12,96.0,1,0.39677419354838706
2026-08-26,2026,8,0.5301586664794495,0.35002908551140355,0.5247427436663792,12,144.0,1,0.39032258064516123
2026-08-27,2026,8,0.15304996690269393,0.08906184181493591,0.15224760796742423,1,1.0,0,0.3870967741935483
2026-08-28,2026,8,0.4671734900607787,0.3073034722082924,0.4629611056506128,0,0.0,0,0.38064516129032255
2026-08-29,2026,8,0.3947605961526889,0.24411770605580407,0.3929552885483321,0,0.0,0,0.38064516129032255
2026-08-30,2026,8,0.3564479569935611,0.20259563115559745,0.35363970072011713,0,0.0,0,0.38387096774193546
2026-08-31,2026,8,0.6007662527831825,0.35263675205103,0.5963532786391993,0,0.0,0,0.3806451612903226
2026-09-01,2026,9,0.35945680300082244,0.22606463001223598,0.35604677752592623,0,0.0,0,0.36774193548387096
2026-09-02,2026,9,0.5540288448037229,0.3732974946342246,0.5494152809259222,0,0.0,0,0.3645161290322581
